/* Materiales */
	/* 1 Remera cuello redondo manga corta */
Insert into queMePongo.materiales(id_tipoPrenda,material)
        values (1,"ALGODON");
Insert into queMePongo.materiales(id_tipoPrenda,material)
        values (1,"SEDA");
Insert into queMePongo.materiales(id_tipoPrenda,material)
        values (1,"POLIESTER");
Insert into queMePongo.materiales(id_tipoPrenda,material)
        values (1,"LYCRA");
	/* Fin 1 */
	/* 2 Remera cuello redondo manga larga */
Insert into queMePongo.materiales(id_tipoPrenda,material)
        values (2,"ALGODON");
Insert into queMePongo.materiales(id_tipoPrenda,material)
        values (2,"SEDA");
Insert into queMePongo.materiales(id_tipoPrenda,material)
        values (2,"POLIESTER");
Insert into queMePongo.materiales(id_tipoPrenda,material)
        values (2,"LYCRA");
	/* Fin 2 */
	/* 3 Remera escote V manga corta */
Insert into queMePongo.materiales(id_tipoPrenda,material)
        values (3,"ALGODON");
Insert into queMePongo.materiales(id_tipoPrenda,material)
        values (3,"SEDA");
Insert into queMePongo.materiales(id_tipoPrenda,material)
        values (3,"POLIESTER");
Insert into queMePongo.materiales(id_tipoPrenda,material)
        values (3,"LYCRA");
	/* Fin 3 */
	/* 4 Remera escote V manga larga */
Insert into queMePongo.materiales(id_tipoPrenda,material)
        values (4,"ALGODON");
Insert into queMePongo.materiales(id_tipoPrenda,material)
        values (4,"SEDA");
Insert into queMePongo.materiales(id_tipoPrenda,material)
        values (4,"POLIESTER");
Insert into queMePongo.materiales(id_tipoPrenda,material)
        values (4,"LYCRA");
	/* Fin 4 */
	/* 5 Sueter */
Insert into queMePongo.materiales(id_tipoPrenda,material)
        values (5,"ALGODON");
Insert into queMePongo.materiales(id_tipoPrenda,material)
        values (5,"SEDA");
Insert into queMePongo.materiales(id_tipoPrenda,material)
        values (5,"POLIESTER");
	/* Fin 5 */
	/* 6 Campera */
Insert into queMePongo.materiales(id_tipoPrenda,material)
        values (6,"ALGODON");
Insert into queMePongo.materiales(id_tipoPrenda,material)
        values (6,"SEDA");
Insert into queMePongo.materiales(id_tipoPrenda,material)
        values (6,"POLIESTER");
Insert into queMePongo.materiales(id_tipoPrenda,material)
        values (6,"CUERO");
Insert into queMePongo.materiales(id_tipoPrenda,material)
        values (6,"NYLON");
	/* Fin 6 */
	/* 7 Pantalon largo */
Insert into queMePongo.materiales(id_tipoPrenda,material)
        values (7,"ALGODON");
Insert into queMePongo.materiales(id_tipoPrenda,material)
        values (7,"SEDA");
Insert into queMePongo.materiales(id_tipoPrenda,material)
        values (7,"POLIESTER");
Insert into queMePongo.materiales(id_tipoPrenda,material)
        values (7,"NYLON");
Insert into queMePongo.materiales(id_tipoPrenda,material)
        values (7,"JEAN");
	/* Fin 7 */
    
	/* 8 Pantalon corto */
Insert into queMePongo.materiales(id_tipoPrenda,material)
        values (8,"ALGODON");
Insert into queMePongo.materiales(id_tipoPrenda,material)
        values (8,"SEDA");
Insert into queMePongo.materiales(id_tipoPrenda,material)
        values (8,"POLIESTER");
Insert into queMePongo.materiales(id_tipoPrenda,material)
        values (8,"NYLON");
Insert into queMePongo.materiales(id_tipoPrenda,material)
        values (8,"JEAN");
	/* Fin 8 */
	/* 9  Bermuda */
Insert into queMePongo.materiales(id_tipoPrenda,material)
        values (9,"ALGODON");
Insert into queMePongo.materiales(id_tipoPrenda,material)
        values (9,"SEDA");
Insert into queMePongo.materiales(id_tipoPrenda,material)
        values (9,"POLIESTER");
Insert into queMePongo.materiales(id_tipoPrenda,material)
        values (9,"NYLON");
Insert into queMePongo.materiales(id_tipoPrenda,material)
        values (9,"JEAN");
	/* Fin 9 */
	/* 10  Pollera*/
Insert into queMePongo.materiales(id_tipoPrenda,material)
        values (10,"ALGODON");
Insert into queMePongo.materiales(id_tipoPrenda,material)
        values (10,"SEDA");
Insert into queMePongo.materiales(id_tipoPrenda,material)
        values (10,"POLIESTER");
Insert into queMePongo.materiales(id_tipoPrenda,material)
        values (10,"NYLON");
Insert into queMePongo.materiales(id_tipoPrenda,material)
        values (10,"JEAN");
	/* Fin 10 */
	/* 11 Calza */
Insert into queMePongo.materiales(id_tipoPrenda,material)
        values (11,"ALGODON");
Insert into queMePongo.materiales(id_tipoPrenda,material)
        values (11,"SEDA");
Insert into queMePongo.materiales(id_tipoPrenda,material)
        values (11,"POLIESTER");
Insert into queMePongo.materiales(id_tipoPrenda,material)
        values (11,"NYLON");
	/* Fin 11 */
	/* 12 Buzo */
Insert into queMePongo.materiales(id_tipoPrenda,material)
        values (12,"ALGODON");
Insert into queMePongo.materiales(id_tipoPrenda,material)
        values (12,"SEDA");
Insert into queMePongo.materiales(id_tipoPrenda,material)
        values (12,"POLIESTER");
Insert into queMePongo.materiales(id_tipoPrenda,material)
        values (12,"NYLON");
	/* Fin 12 */
    /* 13 Musculoza */
Insert into queMePongo.materiales(id_tipoPrenda,material)
	values (13,"ALGODON");
Insert into queMePongo.materiales(id_tipoPrenda,material)
	values (13,"LYCRA");
    /* Fin 13*/
	/* 14  Zapatillas */
Insert into queMePongo.materiales(id_tipoPrenda,material)
        values (14,"CUERO");
Insert into queMePongo.materiales(id_tipoPrenda,material)
        values (14,"NYLON");
	/* Fin 14 */    
	/* 15 Zapatos */
Insert into queMePongo.materiales(id_tipoPrenda,material)
	values (15,"CUERO");
    /* Fin 15 */
	/* 16 Sandalias */
Insert into queMePongo.materiales(id_tipoPrenda,material)
	values (16,"CUERO");
	/* Fin 16 */
/* Fin Materiales*/



	/* 1 Remera cuello redondo manga corta */
Insert into queMePongo.superponible(id_tipoPrenda,id_superponible)
	values (1,5);
Insert into queMePongo.superponible(id_tipoPrenda,id_superponible)
	values (1,6);
Insert into queMePongo.superponible(id_tipoPrenda,id_superponible)
	values (1,7);
Insert into queMePongo.superponible(id_tipoPrenda,id_superponible)
	values (1,8);
Insert into queMePongo.superponible(id_tipoPrenda,id_superponible)
	values (1,9);
Insert into queMePongo.superponible(id_tipoPrenda,id_superponible)
	values (1,10);
Insert into queMePongo.superponible(id_tipoPrenda,id_superponible)
	values (1,11);
Insert into queMePongo.superponible(id_tipoPrenda,id_superponible)
	values (1,12);
    /* Fin 1 */
	/* 2 Remera cuello redondo manga Larga */
Insert into queMePongo.superponible(id_tipoPrenda,id_superponible)
	values (2,5);
Insert into queMePongo.superponible(id_tipoPrenda,id_superponible)
	values (2,6);
Insert into queMePongo.superponible(id_tipoPrenda,id_superponible)
	values (2,7);
Insert into queMePongo.superponible(id_tipoPrenda,id_superponible)
	values (2,8);
Insert into queMePongo.superponible(id_tipoPrenda,id_superponible)
	values (2,9);
Insert into queMePongo.superponible(id_tipoPrenda,id_superponible)
	values (2,10);
Insert into queMePongo.superponible(id_tipoPrenda,id_superponible)
	values (2,11);
Insert into queMePongo.superponible(id_tipoPrenda,id_superponible)
	values (2,12);
    /* Fin 2 */
	/* 3 Remera escote V manga corta */
Insert into queMePongo.superponible(id_tipoPrenda,id_superponible)
	values (3,5);
Insert into queMePongo.superponible(id_tipoPrenda,id_superponible)
	values (3,6);
Insert into queMePongo.superponible(id_tipoPrenda,id_superponible)
	values (3,7);
Insert into queMePongo.superponible(id_tipoPrenda,id_superponible)
	values (3,8);
Insert into queMePongo.superponible(id_tipoPrenda,id_superponible)
	values (3,9);
Insert into queMePongo.superponible(id_tipoPrenda,id_superponible)
	values (3,10);
Insert into queMePongo.superponible(id_tipoPrenda,id_superponible)
	values (3,11);
Insert into queMePongo.superponible(id_tipoPrenda,id_superponible)
	values (3,12);
    /* Fin 3 */    
	/* 4 Remera escote V manga larga */
Insert into queMePongo.superponible(id_tipoPrenda,id_superponible)
	values (4,5);
Insert into queMePongo.superponible(id_tipoPrenda,id_superponible)
	values (4,6);
Insert into queMePongo.superponible(id_tipoPrenda,id_superponible)
	values (4,7);
Insert into queMePongo.superponible(id_tipoPrenda,id_superponible)
	values (4,8);
Insert into queMePongo.superponible(id_tipoPrenda,id_superponible)
	values (4,9);
Insert into queMePongo.superponible(id_tipoPrenda,id_superponible)
	values (4,10);
Insert into queMePongo.superponible(id_tipoPrenda,id_superponible)
	values (4,11);
Insert into queMePongo.superponible(id_tipoPrenda,id_superponible)
	values (4,12);
    /* Fin 4 */
	/* 5 Sueter */
Insert into queMePongo.superponible(id_tipoPrenda,id_superponible)
	values (5,1);
Insert into queMePongo.superponible(id_tipoPrenda,id_superponible)
	values (5,2);
Insert into queMePongo.superponible(id_tipoPrenda,id_superponible)
	values (5,3);
Insert into queMePongo.superponible(id_tipoPrenda,id_superponible)
	values (5,4);
Insert into queMePongo.superponible(id_tipoPrenda,id_superponible)
	values (5,7);
Insert into queMePongo.superponible(id_tipoPrenda,id_superponible)
	values (5,6);
    /* Fin 5 */
	/* 6 Campera */
Insert into queMePongo.superponible(id_tipoPrenda,id_superponible)
	values (6,1);
Insert into queMePongo.superponible(id_tipoPrenda,id_superponible)
	values (6,2);
Insert into queMePongo.superponible(id_tipoPrenda,id_superponible)
	values (6,3);
Insert into queMePongo.superponible(id_tipoPrenda,id_superponible)
	values (6,4);
Insert into queMePongo.superponible(id_tipoPrenda,id_superponible)
	values (6,7);
Insert into queMePongo.superponible(id_tipoPrenda,id_superponible)
	values (6,6);
Insert into queMePongo.superponible(id_tipoPrenda,id_superponible)
	values (6,8);
Insert into queMePongo.superponible(id_tipoPrenda,id_superponible)
	values (6,9);
Insert into queMePongo.superponible(id_tipoPrenda,id_superponible)
	values (6,10);
Insert into queMePongo.superponible(id_tipoPrenda,id_superponible)
	values (6,11);
    /* Fin 6 */
	/* 7 Pantalon largo */
Insert into queMePongo.superponible(id_tipoPrenda,id_superponible)
	values (7,1);
Insert into queMePongo.superponible(id_tipoPrenda,id_superponible)
	values (7,2);
Insert into queMePongo.superponible(id_tipoPrenda,id_superponible)
	values (7,3);
Insert into queMePongo.superponible(id_tipoPrenda,id_superponible)
	values (7,4);
Insert into queMePongo.superponible(id_tipoPrenda,id_superponible)
	values (7,5);
Insert into queMePongo.superponible(id_tipoPrenda,id_superponible)
	values (7,6);
Insert into queMePongo.superponible(id_tipoPrenda,id_superponible)
	values (7,13);
    /* Fin 7 */
	/* 8 Pantalon corto */
Insert into queMePongo.superponible(id_tipoPrenda,id_superponible)
	values (8,1);
Insert into queMePongo.superponible(id_tipoPrenda,id_superponible)
	values (8,2);
Insert into queMePongo.superponible(id_tipoPrenda,id_superponible)
	values (8,3);
Insert into queMePongo.superponible(id_tipoPrenda,id_superponible)
	values (8,4);
Insert into queMePongo.superponible(id_tipoPrenda,id_superponible)
	values (8,6);
Insert into queMePongo.superponible(id_tipoPrenda,id_superponible)
	values (8,13);
    /* Fin 8 */
    
	/* 9 Bermuda */
Insert into queMePongo.superponible(id_tipoPrenda,id_superponible)
	values (9,1);
Insert into queMePongo.superponible(id_tipoPrenda,id_superponible)
	values (9,2);
Insert into queMePongo.superponible(id_tipoPrenda,id_superponible)
	values (9,3);
Insert into queMePongo.superponible(id_tipoPrenda,id_superponible)
	values (9,4);
Insert into queMePongo.superponible(id_tipoPrenda,id_superponible)
	values (9,6);
Insert into queMePongo.superponible(id_tipoPrenda,id_superponible)
	values (9,13);
    /* Fin 9 */
    
	/* 10 Pollera */
Insert into queMePongo.superponible(id_tipoPrenda,id_superponible)
	values (10,1);
Insert into queMePongo.superponible(id_tipoPrenda,id_superponible)
	values (10,2);
Insert into queMePongo.superponible(id_tipoPrenda,id_superponible)
	values (10,3);
Insert into queMePongo.superponible(id_tipoPrenda,id_superponible)
	values (10,4);
Insert into queMePongo.superponible(id_tipoPrenda,id_superponible)
	values (10,6);
Insert into queMePongo.superponible(id_tipoPrenda,id_superponible)
	values (10,13);
    /* Fin 10 */    
	/* 11 Calza */
Insert into queMePongo.superponible(id_tipoPrenda,id_superponible)
	values (11,1);
Insert into queMePongo.superponible(id_tipoPrenda,id_superponible)
	values (11,2);
Insert into queMePongo.superponible(id_tipoPrenda,id_superponible)
	values (11,3);
Insert into queMePongo.superponible(id_tipoPrenda,id_superponible)
	values (11,4);
Insert into queMePongo.superponible(id_tipoPrenda,id_superponible)
	values (11,6);
Insert into queMePongo.superponible(id_tipoPrenda,id_superponible)
	values (11,13);
    /* Fin 11 */
	/* 12 Buzo */
Insert into queMePongo.superponible(id_tipoPrenda,id_superponible)
	values (12,1);
Insert into queMePongo.superponible(id_tipoPrenda,id_superponible)
	values (12,2);
Insert into queMePongo.superponible(id_tipoPrenda,id_superponible)
	values (12,3);
Insert into queMePongo.superponible(id_tipoPrenda,id_superponible)
	values (12,4);
Insert into queMePongo.superponible(id_tipoPrenda,id_superponible)
	values (12,7);
Insert into queMePongo.superponible(id_tipoPrenda,id_superponible)
	values (12,8);
Insert into queMePongo.superponible(id_tipoPrenda,id_superponible)
	values (12,9);
Insert into queMePongo.superponible(id_tipoPrenda,id_superponible)
	values (12,10);
Insert into queMePongo.superponible(id_tipoPrenda,id_superponible)
	values (12,13);
    /* Fin 12 */
    /* 13 Musculoza */
Insert into queMePongo.superponible(id_tipoPrenda,id_superponible)
	values (13,6);
Insert into queMePongo.superponible(id_tipoPrenda,id_superponible)
	values (13,8);
Insert into queMePongo.superponible(id_tipoPrenda,id_superponible)
	values (13,10);
Insert into queMePongo.superponible(id_tipoPrenda,id_superponible)
	values (13,11);
Insert into queMePongo.superponible(id_tipoPrenda,id_superponible)
	values (13,12);
    /* Fin 13 */
    
	/* 14 Zapatillas */
Insert into queMePongo.superponible(id_tipoPrenda,id_superponible)
	values (14,1);
Insert into queMePongo.superponible(id_tipoPrenda,id_superponible)
	values (14,2);
Insert into queMePongo.superponible(id_tipoPrenda,id_superponible)
	values (14,3);
Insert into queMePongo.superponible(id_tipoPrenda,id_superponible)
	values (14,4);
Insert into queMePongo.superponible(id_tipoPrenda,id_superponible)
	values (14,5);
Insert into queMePongo.superponible(id_tipoPrenda,id_superponible)
	values (14,6);
Insert into queMePongo.superponible(id_tipoPrenda,id_superponible)
	values (14,7);
Insert into queMePongo.superponible(id_tipoPrenda,id_superponible)
	values (14,8);
Insert into queMePongo.superponible(id_tipoPrenda,id_superponible)
	values (14,9);
Insert into queMePongo.superponible(id_tipoPrenda,id_superponible)
	values (14,10);
Insert into queMePongo.superponible(id_tipoPrenda,id_superponible)
	values (14,11);
Insert into queMePongo.superponible(id_tipoPrenda,id_superponible)
	values (14,12);
Insert into queMePongo.superponible(id_tipoPrenda,id_superponible)
	values (14,13);
Insert into queMePongo.superponible(id_tipoPrenda,id_superponible)
	values (14,14);
Insert into queMePongo.superponible(id_tipoPrenda,id_superponible)
	values (14,15);
Insert into queMePongo.superponible(id_tipoPrenda,id_superponible)
	values (14,16);
    /* Fin 14 */
	/* 15 Zapatos */
Insert into queMePongo.superponible(id_tipoPrenda,id_superponible)
	values (15,7);
Insert into queMePongo.superponible(id_tipoPrenda,id_superponible)
	values (15,10);
    /* Fin 15*/
	/* 16 Sandalias */
Insert into queMePongo.superponible(id_tipoPrenda,id_superponible)
	values (16,7);
Insert into queMePongo.superponible(id_tipoPrenda,id_superponible)
	values (16,8);
Insert into queMePongo.superponible(id_tipoPrenda,id_superponible)
	values (16,10);
    /* Fin 16*/
/* Fin Superponibles */



/* Usuarios */
-- insert INTO queMePongo.usuario(nombre,apellido,mail, password, sexo, telefono, nombreUsuario, id_membrecia)
-- 		values ('Alejandro','Roco','','123456','mascuLINO',0,'aroco',1);
-- insert INTO queMePongo.usuario(nombre,apellido,mail, password, sexo, telefono, nombreUsuario, id_membrecia)
-- 		values ('Julieta','Azul','','123456','femenino',0,'jazul',2);
/* Fin usuarios */
/* Guardaropas */
insert INTO queMePongo.guardaropa(id_guardaropa,nombre)
		values (1,"Aroco");
insert INTO queMePongo.guardaropa(id_guardaropa,nombre)
		values (2,"jazul");
/* Fin Guardaropas */
/* Map_Usuario_guardaropa */
insert INTO queMePongo.map_usuario_guardaropa(id_usuario,id_guardaropa)
		values (1,1);
insert INTO queMePongo.map_usuario_guardaropa(id_usuario,id_guardaropa)
		values (2,2);
/* Fin Map_Usuario_guardaropa */
/* Prendas */
/*aroco*/
-- REMERA
insert into queMePongo.fotografo(id_fotografo)
 		values (21);
insert into queMePongo.foto(id_fotografo,fotoURL)
		values (21,"ropa/remeras/remera_hombre_1.PNG");
insert INTO queMePongo.prenda(id_prenda,disponibilidad,id_material,nivelDeCalor,nombrePrenda,sexo,id_fotografo,id_tipoPrenda,id_guardaropa,colorPrimario,colorSecundario)
		values (1,1,"ALGODON",5,"Remera cuello redondo manga corta","MascuLINO",21,1,1,"Negro","Negro");
insert INTO queMePongo.estilos(id_prenda,estilo)
		values (1,"ENTRECASA");
-- REMERA
insert into queMePongo.fotografo(id_fotografo)
		values (22);
insert into queMePongo.foto(id_fotografo,fotoURL)
		values (22,"ropa/remeras/remera_hombre_2.PNG");
insert INTO queMePongo.prenda(id_prenda,disponibilidad,id_material,nivelDeCalor,nombrePrenda,sexo,id_fotografo,id_tipoPrenda,id_guardaropa,colorPrimario,colorSecundario)
		values (2,1,"LYCRA",5,"Remera cuello redondo manga corta","MascuLINO",22,2,1,"Blanco","Blanco");
insert INTO queMePongo.estilos(id_prenda,estilo)
		values (2,"ENTRECASA");
-- Musculoza
insert into queMePongo.fotografo(id_fotografo)
		values (23);
insert into queMePongo.foto(id_fotografo,fotoURL)
		values (23,"/ropa/remeras/remera_hombre_4.PNG");
insert INTO queMePongo.prenda(id_prenda,disponibilidad,id_material,nivelDeCalor,nombrePrenda,sexo,id_fotografo,id_tipoPrenda,id_guardaropa,colorPrimario,colorSecundario)
		values (3,1,"LYCRA",5,"Musculosa","MascuLINO",23,13,1,"Amarillo","Amarillo");
insert INTO queMePongo.estilos(id_prenda,estilo)
		values (3,"ENTRECASA");
-- CAMPERA
insert into queMePongo.fotografo(id_fotografo)
		values (24);
insert into queMePongo.foto(id_fotografo,fotoURL)
		values (24,"ropa/campera/campera_hombre_4.PNG");
insert INTO queMePongo.prenda(id_prenda,disponibilidad,id_material,nivelDeCalor,nombrePrenda,sexo,id_fotografo,id_tipoPrenda,id_guardaropa,colorPrimario,colorSecundario)
		values (4,1,"CUERO",10,"Campera","MascuLINO",24,6,1,"Blanco","Blanco");
insert INTO queMePongo.estilos(id_prenda,estilo)
		values (4,"ENTRECASA");
-- SUETER
insert into queMePongo.fotografo(id_fotografo)
		values (25);
insert into queMePongo.foto(id_fotografo,fotoURL)
		values (25,"ropa/sueter/sueter_blanco_hombre_1.png");
insert INTO queMePongo.prenda(id_prenda,disponibilidad,id_material,nivelDeCalor,nombrePrenda,sexo,id_fotografo,id_tipoPrenda,id_guardaropa,colorPrimario,colorSecundario)
		values (5,1,"POLIESTER",8,"Sueter","MascuLINO",25,5,1,"Blanco","Blanco");
insert INTO queMePongo.estilos(id_prenda,estilo)
		values (5,"ENTRECASA");
-- Bermuda
insert into queMePongo.fotografo(id_fotografo)
		values (26);
insert into queMePongo.foto(id_fotografo,fotoURL)
		values (26,"ropa/pantalon_corto/pantalon_corto_hombre_4.PNG");
insert INTO queMePongo.prenda(id_prenda,disponibilidad,id_material,nivelDeCalor,nombrePrenda,sexo,id_fotografo,id_tipoPrenda,id_guardaropa,colorPrimario,colorSecundario)
		values (6,1,"JEAN",3,"Bermuda","MascuLINO",26,9,1,"Celeste","Celeste");
insert INTO queMePongo.estilos(id_prenda,estilo)
		values (6,"ENTRECASA");
-- Pantalón largo
insert into queMePongo.fotografo(id_fotografo)
		values (27);
insert into queMePongo.foto(id_fotografo,fotoURL)
		values (27,"ropa/pantalon_largo/pantalon_largo_hombre_5.PNG");
insert INTO queMePongo.prenda(id_prenda,disponibilidad,id_material,nivelDeCalor,nombrePrenda,sexo,id_fotografo,id_tipoPrenda,id_guardaropa,colorPrimario,colorSecundario)
		values (7,1,"NYLON",10,"Pantalón largo","MascuLINO",27,7,1,"Gris","Gris");
insert INTO queMePongo.estilos(id_prenda,estilo)
		values (7,"ENTRECASA");
-- Zapatillas
insert into queMePongo.fotografo(id_fotografo)
		values (28);
insert into queMePongo.foto(id_fotografo,fotoURL)
		values (28,"ropa/zapatillas/zapatillas_hombre_6.PNG");
insert INTO queMePongo.prenda(id_prenda,disponibilidad,id_material,nivelDeCalor,nombrePrenda,sexo,id_fotografo,id_tipoPrenda,id_guardaropa,colorPrimario,colorSecundario)
		values (8,1,"NYLON",6,"Zapatillas","MascuLINO",28,14,1,"Bordo","Bordo");
insert INTO queMePongo.estilos(id_prenda,estilo)
		values (8,"ENTRECASA");
-- Zapato
insert into queMePongo.fotografo(id_fotografo)
		values (29);
insert into queMePongo.foto(id_fotografo,fotoURL)
		values (29,"ropa/zapatillas/zapato_hombre_1.PNG");
insert INTO queMePongo.prenda(id_prenda,disponibilidad,id_material,nivelDeCalor,nombrePrenda,sexo,id_fotografo,id_tipoPrenda,id_guardaropa,colorPrimario,colorSecundario)
		values (9,1,"CUERO",8,"Zapatos","MascuLINO",29,15,1,"Negro","Negro");
insert INTO queMePongo.estilos(id_prenda,estilo)
		values (9,"ENTRECASA");
/*Fin aroco*/
/* Jazul */
-- REMERA
insert into queMePongo.fotografo(id_fotografo)
		values (30);
insert into queMePongo.foto(id_fotografo,fotoURL)
		values (30,"ropa/remeras/remera_mujer_7.PNG");
insert INTO queMePongo.prenda(id_prenda,disponibilidad,id_material,nivelDeCalor,nombrePrenda,sexo,id_fotografo,id_tipoPrenda,id_guardaropa,colorPrimario,colorSecundario)
		values (10,1,"LYCRA",3,"Remera cuello redondo manga corta","Femenino",30,1,2,"Amarillo","Amarillo");
insert INTO queMePongo.estilos(id_prenda,estilo)
		values (10,"ENTRECASA");
-- REMERA
insert into queMePongo.fotografo(id_fotografo)
		values (31);
insert into queMePongo.foto(id_fotografo,fotoURL)
		values (31,"ropa/remeras/remera_mujer_8.PNG");
insert INTO queMePongo.prenda(id_prenda,disponibilidad,id_material,nivelDeCalor,nombrePrenda,sexo,id_fotografo,id_tipoPrenda,id_guardaropa,colorPrimario,colorSecundario)
		values (11,1,"LYCRA",2,"Remera escote V manga larga","Femenino",31,1,2,"Amarillo","Amarillo");
insert INTO queMePongo.estilos(id_prenda,estilo)
		values (11,"ENTRECASA");
-- Musculoza
insert into queMePongo.fotografo(id_fotografo)
		values (32);
insert into queMePongo.foto(id_fotografo,fotoURL)
		values (32,"ropa/remeras/remera_mujer_8.PNG");
insert INTO queMePongo.prenda(id_prenda,disponibilidad,id_material,nivelDeCalor,nombrePrenda,sexo,id_fotografo,id_tipoPrenda,id_guardaropa,colorPrimario,colorSecundario)
		values (12,1,"LYCRA",2,"Musculosa","Femenino",32,13,2,"Verde","Verde");
insert INTO queMePongo.estilos(id_prenda,estilo)
		values (12,"ENTRECASA");
-- Sueter
insert into queMePongo.fotografo(id_fotografo)
		values (33);
insert into queMePongo.foto(id_fotografo,fotoURL)
		values (33,"ropa/sueter/sueter_verde_mujer_1.PNG");
insert INTO queMePongo.prenda(id_prenda,disponibilidad,id_material,nivelDeCalor,nombrePrenda,sexo,id_fotografo,id_tipoPrenda,id_guardaropa,colorPrimario,colorSecundario)
		values (13,1,"POLIESTER",2,"Sueter","Femenino",33,5,2,"Verde","Verde");
insert INTO queMePongo.estilos(id_prenda,estilo)
		values (13,"ENTRECASA");
-- Pollera
insert into queMePongo.fotografo(id_fotografo)
		values (34);
insert into queMePongo.foto(id_fotografo,fotoURL)
		values (34,"ropa/pollera/pollera_1.PNG");
insert INTO queMePongo.prenda(id_prenda,disponibilidad,id_material,nivelDeCalor,nombrePrenda,sexo,id_fotografo,id_tipoPrenda,id_guardaropa,colorPrimario,colorSecundario)
		values (14,1,"SEDA",10,"Pollera","Femenino",34,10,2,"Negro","Negro");
insert INTO queMePongo.estilos(id_prenda,estilo)
		values (14,"ENTRECASA");
-- Calza
insert into queMePongo.fotografo(id_fotografo)
		values (35);
insert into queMePongo.foto(id_fotografo,fotoURL)
		values (35,"ropa/pollera/pollera_1.PNG");
insert INTO queMePongo.prenda(id_prenda,disponibilidad,id_material,nivelDeCalor,nombrePrenda,sexo,id_fotografo,id_tipoPrenda,id_guardaropa,colorPrimario,colorSecundario)
		values (15,1,"NYLON",10,"Calza","Femenino",35,11,2,"Negro","Negro");
insert INTO queMePongo.estilos(id_prenda,estilo)
		values (15,"ENTRECASA");
-- Buzo
insert into queMePongo.fotografo(id_fotografo)
		values (36);
insert into queMePongo.foto(id_fotografo,fotoURL)
		values (36,"ropa/buzo/buzo_mujer_1.PNG");
insert INTO queMePongo.prenda(id_prenda,disponibilidad,id_material,nivelDeCalor,nombrePrenda,sexo,id_fotografo,id_tipoPrenda,id_guardaropa,colorPrimario,colorSecundario)
		values (16,1,"ALGODON",10,"Buzo","Femenino",36,12,2,"Blanco","Blanco");
insert INTO queMePongo.estilos(id_prenda,estilo)
		values (16,"ENTRECASA");
-- Zapatos
insert into queMePongo.fotografo(id_fotografo)
		values (37);
insert into queMePongo.foto(id_fotografo,fotoURL)
		values (37,"ropa/buzo/buzo_mujer_1.PNG");
insert INTO queMePongo.prenda(id_prenda,disponibilidad,id_material,nivelDeCalor,nombrePrenda,sexo,id_fotografo,id_tipoPrenda,id_guardaropa,colorPrimario,colorSecundario)
		values (17,1,"CUERO",10,"Zapatos","Femenino",37,15,2,"Negro","Negro");
insert INTO queMePongo.estilos(id_prenda,estilo)
		values (17,"ENTRECASA");
-- Zapatos
insert into queMePongo.fotografo(id_fotografo)
		values (38);
insert into queMePongo.foto(id_fotografo,fotoURL)
		values (38,"ropa/buzo/buzo_mujer_1.PNG");
insert INTO queMePongo.prenda(id_prenda,disponibilidad,id_material,nivelDeCalor,nombrePrenda,sexo,id_fotografo,id_tipoPrenda,id_guardaropa,colorPrimario,colorSecundario)
		values (18,1,"CUERO",10,"Sandalias","Femenino",38,16,2,"Negro","Negro");
insert INTO queMePongo.estilos(id_prenda,estilo)
		values (18,"ENTRECASA");
/* Fin jazul*/
/* Fin jazul*/