/* Prendas */
/*aroco*/
-- REMERA
insert into queMePongo.fotografo(id_fotografo)
 		values (21);
insert into queMePongo.foto(id_fotografo,fotoURL)
		values (21,"ropa/remeras/remera_hombre_1.PNG");
insert INTO queMePongo.prenda(id_prenda,disponibilidad,id_material,nivelDeCalor,nombrePrenda,sexo,id_fotografo,id_tipoPrenda,id_guardaropa,colorPrimario,colorSecundario)
		values (1,1,"ALGODON",5,"Remera cuello redondo manga corta","MascuLINO",21,1,1,"Negro","Negro");
insert INTO queMePongo.estilos(id_prenda,estilo)
		values (1,"ENTRECASA");
-- REMERA
insert into queMePongo.fotografo(id_fotografo)
		values (22);
insert into queMePongo.foto(id_fotografo,fotoURL)
		values (22,"ropa/remeras/remera_hombre_2.PNG");
insert INTO queMePongo.prenda(id_prenda,disponibilidad,id_material,nivelDeCalor,nombrePrenda,sexo,id_fotografo,id_tipoPrenda,id_guardaropa,colorPrimario,colorSecundario)
		values (2,1,"LYCRA",5,"Remera cuello redondo manga corta","MascuLINO",22,2,1,"Blanco","Blanco");
insert INTO queMePongo.estilos(id_prenda,estilo)
		values (2,"ENTRECASA");
-- Musculoza
insert into queMePongo.fotografo(id_fotografo)
		values (23);
insert into queMePongo.foto(id_fotografo,fotoURL)
		values (23,"/ropa/remeras/remera_hombre_4.PNG");
insert INTO queMePongo.prenda(id_prenda,disponibilidad,id_material,nivelDeCalor,nombrePrenda,sexo,id_fotografo,id_tipoPrenda,id_guardaropa,colorPrimario,colorSecundario)
		values (3,1,"LYCRA",5,"Musculosa","MascuLINO",23,13,1,"Amarillo","Amarillo");
insert INTO queMePongo.estilos(id_prenda,estilo)
		values (3,"ENTRECASA");
-- CAMPERA
insert into queMePongo.fotografo(id_fotografo)
		values (24);
insert into queMePongo.foto(id_fotografo,fotoURL)
		values (24,"ropa/campera/campera_hombre_4.PNG");
insert INTO queMePongo.prenda(id_prenda,disponibilidad,id_material,nivelDeCalor,nombrePrenda,sexo,id_fotografo,id_tipoPrenda,id_guardaropa,colorPrimario,colorSecundario)
		values (4,1,"CUERO",10,"Campera","MascuLINO",24,6,1,"Blanco","Blanco");
insert INTO queMePongo.estilos(id_prenda,estilo)
		values (4,"ENTRECASA");
-- SUETER
insert into queMePongo.fotografo(id_fotografo)
		values (25);
insert into queMePongo.foto(id_fotografo,fotoURL)
		values (25,"ropa/sueter/sueter_blanco_hombre_1.png");
insert INTO queMePongo.prenda(id_prenda,disponibilidad,id_material,nivelDeCalor,nombrePrenda,sexo,id_fotografo,id_tipoPrenda,id_guardaropa,colorPrimario,colorSecundario)
		values (5,1,"POLIESTER",8,"Sueter","MascuLINO",25,5,1,"Blanco","Blanco");
insert INTO queMePongo.estilos(id_prenda,estilo)
		values (5,"ENTRECASA");
-- Bermuda
insert into queMePongo.fotografo(id_fotografo)
		values (26);
insert into queMePongo.foto(id_fotografo,fotoURL)
		values (26,"ropa/pantalon_corto/pantalon_corto_hombre_4.PNG");
insert INTO queMePongo.prenda(id_prenda,disponibilidad,id_material,nivelDeCalor,nombrePrenda,sexo,id_fotografo,id_tipoPrenda,id_guardaropa,colorPrimario,colorSecundario)
		values (6,1,"JEAN",3,"Bermuda","MascuLINO",26,9,1,"Celeste","Celeste");
insert INTO queMePongo.estilos(id_prenda,estilo)
		values (6,"ENTRECASA");
-- Pantalón largo
insert into queMePongo.fotografo(id_fotografo)
		values (27);
insert into queMePongo.foto(id_fotografo,fotoURL)
		values (27,"ropa/pantalon_largo/pantalon_largo_hombre_5.PNG");
insert INTO queMePongo.prenda(id_prenda,disponibilidad,id_material,nivelDeCalor,nombrePrenda,sexo,id_fotografo,id_tipoPrenda,id_guardaropa,colorPrimario,colorSecundario)
		values (7,1,"NYLON",10,"Pantalón largo","MascuLINO",27,7,1,"Gris","Gris");
insert INTO queMePongo.estilos(id_prenda,estilo)
		values (7,"ENTRECASA");
-- Zapatillas
insert into queMePongo.fotografo(id_fotografo)
		values (28);
insert into queMePongo.foto(id_fotografo,fotoURL)
		values (28,"ropa/zapatillas/zapatillas_hombre_6.PNG");
insert INTO queMePongo.prenda(id_prenda,disponibilidad,id_material,nivelDeCalor,nombrePrenda,sexo,id_fotografo,id_tipoPrenda,id_guardaropa,colorPrimario,colorSecundario)
		values (8,1,"NYLON",6,"Zapatillas","MascuLINO",28,14,1,"Bordo","Bordo");
insert INTO queMePongo.estilos(id_prenda,estilo)
		values (8,"ENTRECASA");
-- Zapato
insert into queMePongo.fotografo(id_fotografo)
		values (29);
insert into queMePongo.foto(id_fotografo,fotoURL)
		values (29,"ropa/zapatillas/zapato_hombre_1.PNG");
insert INTO queMePongo.prenda(id_prenda,disponibilidad,id_material,nivelDeCalor,nombrePrenda,sexo,id_fotografo,id_tipoPrenda,id_guardaropa,colorPrimario,colorSecundario)
		values (9,1,"CUERO",8,"Zapatos","MascuLINO",29,15,1,"Negro","Negro");
insert INTO queMePongo.estilos(id_prenda,estilo)
		values (9,"ENTRECASA");
/*Fin aroco*/
/* Jazul */
-- REMERA
insert into queMePongo.fotografo(id_fotografo)
		values (30);
insert into queMePongo.foto(id_fotografo,fotoURL)
		values (30,"ropa/remeras/remera_mujer_7.PNG");
insert INTO queMePongo.prenda(id_prenda,disponibilidad,id_material,nivelDeCalor,nombrePrenda,sexo,id_fotografo,id_tipoPrenda,id_guardaropa,colorPrimario,colorSecundario)
		values (10,1,"LYCRA",3,"Remera cuello redondo manga corta","Femenino",30,1,2,"Amarillo","Amarillo");
insert INTO queMePongo.estilos(id_prenda,estilo)
		values (10,"ENTRECASA");
-- REMERA
insert into queMePongo.fotografo(id_fotografo)
		values (31);
insert into queMePongo.foto(id_fotografo,fotoURL)
		values (31,"ropa/remeras/remera_mujer_8.PNG");
insert INTO queMePongo.prenda(id_prenda,disponibilidad,id_material,nivelDeCalor,nombrePrenda,sexo,id_fotografo,id_tipoPrenda,id_guardaropa,colorPrimario,colorSecundario)
		values (11,1,"LYCRA",2,"Remera escote V manga larga","Femenino",31,1,2,"Amarillo","Amarillo");
insert INTO queMePongo.estilos(id_prenda,estilo)
		values (11,"ENTRECASA");
-- Musculoza
insert into queMePongo.fotografo(id_fotografo)
		values (32);
insert into queMePongo.foto(id_fotografo,fotoURL)
		values (32,"ropa/remeras/remera_mujer_8.PNG");
insert INTO queMePongo.prenda(id_prenda,disponibilidad,id_material,nivelDeCalor,nombrePrenda,sexo,id_fotografo,id_tipoPrenda,id_guardaropa,colorPrimario,colorSecundario)
		values (12,1,"LYCRA",2,"Musculosa","Femenino",32,13,2,"Verde","Verde");
insert INTO queMePongo.estilos(id_prenda,estilo)
		values (12,"ENTRECASA");
-- Sueter
insert into queMePongo.fotografo(id_fotografo)
		values (33);
insert into queMePongo.foto(id_fotografo,fotoURL)
		values (33,"ropa/sueter/sueter_verde_mujer_1.PNG");
insert INTO queMePongo.prenda(id_prenda,disponibilidad,id_material,nivelDeCalor,nombrePrenda,sexo,id_fotografo,id_tipoPrenda,id_guardaropa,colorPrimario,colorSecundario)
		values (13,1,"POLIESTER",2,"Sueter","Femenino",33,5,2,"Verde","Verde");
insert INTO queMePongo.estilos(id_prenda,estilo)
		values (13,"ENTRECASA");
-- Pollera
insert into queMePongo.fotografo(id_fotografo)
		values (34);
insert into queMePongo.foto(id_fotografo,fotoURL)
		values (34,"ropa/pollera/pollera_1.PNG");
insert INTO queMePongo.prenda(id_prenda,disponibilidad,id_material,nivelDeCalor,nombrePrenda,sexo,id_fotografo,id_tipoPrenda,id_guardaropa,colorPrimario,colorSecundario)
		values (14,1,"SEDA",10,"Pollera","Femenino",34,10,2,"Negro","Negro");
insert INTO queMePongo.estilos(id_prenda,estilo)
		values (14,"ENTRECASA");
-- Calza
insert into queMePongo.fotografo(id_fotografo)
		values (35);
insert into queMePongo.foto(id_fotografo,fotoURL)
		values (35,"ropa/pollera/pollera_1.PNG");
insert INTO queMePongo.prenda(id_prenda,disponibilidad,id_material,nivelDeCalor,nombrePrenda,sexo,id_fotografo,id_tipoPrenda,id_guardaropa,colorPrimario,colorSecundario)
		values (15,1,"NYLON",10,"Calza","Femenino",35,11,2,"Negro","Negro");
insert INTO queMePongo.estilos(id_prenda,estilo)
		values (15,"ENTRECASA");
-- Buzo
insert into queMePongo.fotografo(id_fotografo)
		values (36);
insert into queMePongo.foto(id_fotografo,fotoURL)
		values (36,"ropa/buzo/buzo_mujer_1.PNG");
insert INTO queMePongo.prenda(id_prenda,disponibilidad,id_material,nivelDeCalor,nombrePrenda,sexo,id_fotografo,id_tipoPrenda,id_guardaropa,colorPrimario,colorSecundario)
		values (16,1,"ALGODON",10,"Buzo","Femenino",36,12,2,"Blanco","Blanco");
insert INTO queMePongo.estilos(id_prenda,estilo)
		values (16,"ENTRECASA");
-- Zapatos
insert into queMePongo.fotografo(id_fotografo)
		values (37);
insert into queMePongo.foto(id_fotografo,fotoURL)
		values (37,"ropa/buzo/buzo_mujer_1.PNG");
insert INTO queMePongo.prenda(id_prenda,disponibilidad,id_material,nivelDeCalor,nombrePrenda,sexo,id_fotografo,id_tipoPrenda,id_guardaropa,colorPrimario,colorSecundario)
		values (17,1,"CUERO",10,"Zapatos","Femenino",37,15,2,"Negro","Negro");
insert INTO queMePongo.estilos(id_prenda,estilo)
		values (17,"ENTRECASA");
-- Zapatos
insert into queMePongo.fotografo(id_fotografo)
		values (38);
insert into queMePongo.foto(id_fotografo,fotoURL)
		values (38,"ropa/buzo/buzo_mujer_1.PNG");
insert INTO queMePongo.prenda(id_prenda,disponibilidad,id_material,nivelDeCalor,nombrePrenda,sexo,id_fotografo,id_tipoPrenda,id_guardaropa,colorPrimario,colorSecundario)
		values (18,1,"CUERO",10,"Sandalias","Femenino",38,16,2,"Negro","Negro");
insert INTO queMePongo.estilos(id_prenda,estilo)
		values (18,"ENTRECASA");
/* Fin jazul*/